/*
 Navicat Premium Data Transfer

 Source Server         : Localhost
 Source Server Type    : MySQL
 Source Server Version : 100126
 Source Host           : localhost
 Source Database       : working_db

 Target Server Type    : MySQL
 Target Server Version : 100126
 File Encoding         : utf-8

 Date: 02/08/2018 15:31:02 PM
*/

SET NAMES utf8;
SET FOREIGN_KEY_CHECKS = 0;

-- ----------------------------
--  Table structure for `ci_sessions`
-- ----------------------------
DROP TABLE IF EXISTS `ci_sessions`;
CREATE TABLE `ci_sessions` (
  `id` varchar(40) COLLATE utf8_unicode_ci NOT NULL,
  `ip_address` varchar(45) COLLATE utf8_unicode_ci NOT NULL,
  `timestamp` int(10) unsigned NOT NULL DEFAULT '0',
  `data` blob NOT NULL,
  PRIMARY KEY (`id`),
  KEY `ci_sessions_timestamp` (`timestamp`)
) ENGINE=InnoDB DEFAULT CHARSET=utf8 COLLATE=utf8_unicode_ci;

-- ----------------------------
--  Records of `ci_sessions`
-- ----------------------------
BEGIN;
INSERT INTO `ci_sessions` VALUES ('03fb54e3bef667542f864d43913215761d11bdb8', '::1', '1517682769', 0x5f5f63695f6c6173745f726567656e65726174657c693a313531373638323736393b), ('06ba0a092dbc3fa06ad39c80ff8351bab86e3adc', '::1', '1517754891', 0x5f5f63695f6c6173745f726567656e65726174657c693a313531373735343839313b6964656e746974797c733a31353a2261646d696e4061646d696e2e636f6d223b656d61696c7c733a31353a2261646d696e4061646d696e2e636f6d223b757365725f69647c733a313a2231223b6f6c645f6c6173745f6c6f67696e7c733a31303a2231353137363837393439223b), ('079b06926c6b1a09d1137aa15a60e31eae0abd91', '::1', '1518025424', 0x5f5f63695f6c6173745f726567656e65726174657c693a313531383032353432343b6c616e67416262726576696174696f6e7c733a323a227669223b6964656e746974797c733a383a227472616e6d696e68223b757365726e616d657c733a383a227472616e6d696e68223b656d61696c7c733a31393a227472616e6d696e6840636c69656e742e636f6d223b757365725f69647c733a323a223532223b6f6c645f6c6173745f6c6f67696e7c733a31303a2231353137373732323133223b), ('07fa238b618dcc971881c11be18099642d8f0651', '::1', '1518072286', 0x5f5f63695f6c6173745f726567656e65726174657c693a313531383037323238363b6964656e746974797c733a383a227472616e6d696e68223b757365726e616d657c733a383a227472616e6d696e68223b656d61696c7c733a31393a227472616e6d696e6840636c69656e742e636f6d223b757365725f69647c733a323a223532223b6f6c645f6c6173745f6c6f67696e7c733a31303a2231353138303638393131223b), ('0ba636ed4ad070597836a37c51f0352aa74e2909', '::1', '1518075364', 0x5f5f63695f6c6173745f726567656e65726174657c693a313531383037353336343b6964656e746974797c733a383a227472616e6d696e68223b757365726e616d657c733a383a227472616e6d696e68223b656d61696c7c733a31393a227472616e6d696e6840636c69656e742e636f6d223b757365725f69647c733a323a223532223b6f6c645f6c6173745f6c6f67696e7c733a31303a2231353138303638393131223b), ('107007b7718d75ce9f0d6b8341a3abb0cbefc97a', '::1', '1517682440', 0x5f5f63695f6c6173745f726567656e65726174657c693a313531373638323434303b), ('10ccfc363aac3c344e9b54c5c16e1ad58c3c1ec4', '::1', '1518027714', 0x5f5f63695f6c6173745f726567656e65726174657c693a313531383032373731343b6c616e67416262726576696174696f6e7c733a323a227669223b6964656e746974797c733a383a227472616e6d696e68223b757365726e616d657c733a383a227472616e6d696e68223b656d61696c7c733a31393a227472616e6d696e6840636c69656e742e636f6d223b757365725f69647c733a323a223532223b6f6c645f6c6173745f6c6f67696e7c733a31303a2231353137373732323133223b), ('11340589f1328d178e1debbc396c88e3b184e482', '::1', '1517847942', 0x5f5f63695f6c6173745f726567656e65726174657c693a313531373834373931323b6964656e746974797c733a363a227472616e6861223b757365726e616d657c733a363a227472616e6861223b656d61696c7c733a31373a227472616e686140636c69656e742e636f6d223b757365725f69647c733a323a223531223b6f6c645f6c6173745f6c6f67696e7c4e3b), ('15feb6f630f754e62c2c487b2a29191121a5f35c', '::1', '1518026952', 0x5f5f63695f6c6173745f726567656e65726174657c693a313531383032363935323b6c616e67416262726576696174696f6e7c733a323a227669223b6964656e746974797c733a383a227472616e6d696e68223b757365726e616d657c733a383a227472616e6d696e68223b656d61696c7c733a31393a227472616e6d696e6840636c69656e742e636f6d223b757365725f69647c733a323a223532223b6f6c645f6c6173745f6c6f67696e7c733a31303a2231353137373732323133223b), ('16bf5f6c5c57fe64bc4fcd6fe3ad3747fe1f35b4', '::1', '1517765430', 0x5f5f63695f6c6173745f726567656e65726174657c693a313531373736353433303b6964656e746974797c733a31353a2261646d696e4061646d696e2e636f6d223b656d61696c7c733a31353a2261646d696e4061646d696e2e636f6d223b757365725f69647c733a313a2231223b6f6c645f6c6173745f6c6f67696e7c733a31303a2231353137373630373738223b), ('16c5cced3cf11ff42579441c38aa841c7f719446', '::1', '1518039108', 0x5f5f63695f6c6173745f726567656e65726174657c693a313531383033393130383b6c616e67416262726576696174696f6e7c733a323a227669223b6964656e746974797c733a383a227472616e6d696e68223b757365726e616d657c733a383a227472616e6d696e68223b656d61696c7c733a31393a227472616e6d696e6840636c69656e742e636f6d223b757365725f69647c733a323a223532223b6f6c645f6c6173745f6c6f67696e7c733a31303a2231353137373732323133223b), ('1a8eeb54528b284e26b8bcaaf97cb89782e590e0', '::1', '1518035933', 0x5f5f63695f6c6173745f726567656e65726174657c693a313531383033353933333b6c616e67416262726576696174696f6e7c733a323a227669223b6964656e746974797c733a383a227472616e6d696e68223b757365726e616d657c733a383a227472616e6d696e68223b656d61696c7c733a31393a227472616e6d696e6840636c69656e742e636f6d223b757365725f69647c733a323a223532223b6f6c645f6c6173745f6c6f67696e7c733a31303a2231353137373732323133223b), ('1b6fafb697250cf6f6965ce2fb98c50e75efc83c', '::1', '1518040050', 0x5f5f63695f6c6173745f726567656e65726174657c693a313531383033393736383b6c616e67416262726576696174696f6e7c733a323a227669223b6964656e746974797c733a383a227472616e6d696e68223b757365726e616d657c733a383a227472616e6d696e68223b656d61696c7c733a31393a227472616e6d696e6840636c69656e742e636f6d223b757365725f69647c733a323a223532223b6f6c645f6c6173745f6c6f67696e7c733a31303a2231353137373732323133223b), ('1f279a77cdd4fc64bcf935fd97c44455d96b88f2', '::1', '1518078351', 0x5f5f63695f6c6173745f726567656e65726174657c693a313531383037383335313b6964656e746974797c733a383a227472616e6d696e68223b757365726e616d657c733a383a227472616e6d696e68223b656d61696c7c733a31393a227472616e6d696e6840636c69656e742e636f6d223b757365725f69647c733a323a223532223b6f6c645f6c6173745f6c6f67696e7c733a31303a2231353138303638393131223b), ('1fcd1dc206cc3245f6295b8b3a97696e5fb5295f', '::1', '1518045560', 0x5f5f63695f6c6173745f726567656e65726174657c693a313531383034353536303b6964656e746974797c733a383a227472616e6d696e68223b757365726e616d657c733a383a227472616e6d696e68223b656d61696c7c733a31393a227472616e6d696e6840636c69656e742e636f6d223b757365725f69647c733a323a223532223b6f6c645f6c6173745f6c6f67696e7c733a31303a2231353138303430323431223b), ('20a4f7ca579c508486f1223634313ce6f3a55f23', '::1', '1517773634', 0x5f5f63695f6c6173745f726567656e65726174657c693a313531373737333633343b6964656e746974797c733a383a227472616e6d696e68223b757365726e616d657c733a383a227472616e6d696e68223b656d61696c7c733a31393a227472616e6d696e6840636c69656e742e636f6d223b757365725f69647c733a323a223532223b6f6c645f6c6173745f6c6f67696e7c4e3b), ('25bb018461f4f594cfceea3e689b8bc120fe06aa', '::1', '1518069579', 0x5f5f63695f6c6173745f726567656e65726174657c693a313531383036393537393b6964656e746974797c733a383a227472616e6d696e68223b757365726e616d657c733a383a227472616e6d696e68223b656d61696c7c733a31393a227472616e6d696e6840636c69656e742e636f6d223b757365725f69647c733a323a223532223b6f6c645f6c6173745f6c6f67696e7c733a31303a2231353138303430343035223b), ('2684ea8f49725b5b71e4ee067b7729965bac6381', '::1', '1518073118', 0x5f5f63695f6c6173745f726567656e65726174657c693a313531383037333131383b6964656e746974797c733a383a227472616e6d696e68223b757365726e616d657c733a383a227472616e6d696e68223b656d61696c7c733a31393a227472616e6d696e6840636c69656e742e636f6d223b757365725f69647c733a323a223532223b6f6c645f6c6173745f6c6f67696e7c733a31303a2231353138303638393131223b), ('28e464ce51b386967b5a9107ea69b207e4594589', '::1', '1517774486', 0x5f5f63695f6c6173745f726567656e65726174657c693a313531373737343331363b6964656e746974797c733a383a227472616e6d696e68223b757365726e616d657c733a383a227472616e6d696e68223b656d61696c7c733a31393a227472616e6d696e6840636c69656e742e636f6d223b757365725f69647c733a323a223532223b6f6c645f6c6173745f6c6f67696e7c4e3b), ('2a5bc2d87f1d6065bf7d9c9e7956d1abafeb2a7e', '::1', '1517993066', 0x5f5f63695f6c6173745f726567656e65726174657c693a313531373939333036363b6c616e67416262726576696174696f6e7c733a323a227669223b), ('2ad7ae677aa53cb5f04b1efd988a85f52647aea5', '::1', '1517759347', 0x5f5f63695f6c6173745f726567656e65726174657c693a313531373735393334373b), ('2c1d8d716372888c0a427e540f0d68911c305d1f', '::1', '1517773290', 0x5f5f63695f6c6173745f726567656e65726174657c693a313531373737333239303b6964656e746974797c733a383a227472616e6d696e68223b757365726e616d657c733a383a227472616e6d696e68223b656d61696c7c733a31393a227472616e6d696e6840636c69656e742e636f6d223b757365725f69647c733a323a223532223b6f6c645f6c6173745f6c6f67696e7c4e3b), ('2cabcded005d266087a08acad23876a802fd84ca', '::1', '1518038203', 0x5f5f63695f6c6173745f726567656e65726174657c693a313531383033383230333b6c616e67416262726576696174696f6e7c733a323a227669223b6964656e746974797c733a383a227472616e6d696e68223b757365726e616d657c733a383a227472616e6d696e68223b656d61696c7c733a31393a227472616e6d696e6840636c69656e742e636f6d223b757365725f69647c733a323a223532223b6f6c645f6c6173745f6c6f67696e7c733a31303a2231353137373732323133223b), ('2d90ee2b8fe2d86de277989c8830c29a35f62f4d', '::1', '1518026644', 0x5f5f63695f6c6173745f726567656e65726174657c693a313531383032363634343b6c616e67416262726576696174696f6e7c733a323a227669223b6964656e746974797c733a383a227472616e6d696e68223b757365726e616d657c733a383a227472616e6d696e68223b656d61696c7c733a31393a227472616e6d696e6840636c69656e742e636f6d223b757365725f69647c733a323a223532223b6f6c645f6c6173745f6c6f67696e7c733a31303a2231353137373732323133223b), ('350180a457598609a15babe54d54e6a1a34fa4fa', '::1', '1518027341', 0x5f5f63695f6c6173745f726567656e65726174657c693a313531383032373334313b6c616e67416262726576696174696f6e7c733a323a227669223b6964656e746974797c733a383a227472616e6d696e68223b757365726e616d657c733a383a227472616e6d696e68223b656d61696c7c733a31393a227472616e6d696e6840636c69656e742e636f6d223b757365725f69647c733a323a223532223b6f6c645f6c6173745f6c6f67696e7c733a31303a2231353137373732323133223b), ('3625bd69596223d95d8b0ccc9d91c94a39316b08', '::1', '1517687603', 0x5f5f63695f6c6173745f726567656e65726174657c693a313531373638373630333b6964656e746974797c733a31353a2261646d696e4061646d696e2e636f6d223b656d61696c7c733a31353a2261646d696e4061646d696e2e636f6d223b757365725f69647c733a313a2231223b6f6c645f6c6173745f6c6f67696e7c733a31303a2231353137363837333935223b6c616e67416262726576696174696f6e7c733a323a227669223b), ('375bca99dc1abf01739bfde9c0bd267a5989e113', '::1', '1517767018', 0x5f5f63695f6c6173745f726567656e65726174657c693a313531373736373031383b6964656e746974797c733a31393a227068616d68756e6740636c69656e742e636f6d223b656d61696c7c733a31393a227068616d68756e6740636c69656e742e636f6d223b757365725f69647c733a323a223530223b6f6c645f6c6173745f6c6f67696e7c733a31303a2231353137373635343330223b), ('394586230cfd501f5464390fc24c04f1ab48e5d3', '::1', '1517682131', 0x5f5f63695f6c6173745f726567656e65726174657c693a313531373638323133313b), ('39bb12889578d683ef78605094142a906502d214', '::1', '1517683465', 0x5f5f63695f6c6173745f726567656e65726174657c693a313531373638333436353b), ('3d8424401b51adf1852feb2c12ec948282011844', '::1', '1518046360', 0x5f5f63695f6c6173745f726567656e65726174657c693a313531383034363336303b6964656e746974797c733a383a227472616e6d696e68223b757365726e616d657c733a383a227472616e6d696e68223b656d61696c7c733a31393a227472616e6d696e6840636c69656e742e636f6d223b757365725f69647c733a323a223532223b6f6c645f6c6173745f6c6f67696e7c733a31303a2231353138303430323431223b), ('3e9dc569f0f2e60dc59ab785030d39d825f97995', '::1', '1517683083', 0x5f5f63695f6c6173745f726567656e65726174657c693a313531373638333038333b), ('3f011330356373876a8b2038b4a25e605d00e2f5', '::1', '1518037259', 0x5f5f63695f6c6173745f726567656e65726174657c693a313531383033373235393b6c616e67416262726576696174696f6e7c733a323a227669223b6964656e746974797c733a383a227472616e6d696e68223b757365726e616d657c733a383a227472616e6d696e68223b656d61696c7c733a31393a227472616e6d696e6840636c69656e742e636f6d223b757365725f69647c733a323a223532223b6f6c645f6c6173745f6c6f67696e7c733a31303a2231353137373732323133223b), ('4031c6f7c7ed0607741921217665e4c5f1f4a860', '::1', '1518040457', 0x5f5f63695f6c6173745f726567656e65726174657c693a313531383034303339333b6964656e746974797c733a383a227472616e6d696e68223b757365726e616d657c733a383a227472616e6d696e68223b656d61696c7c733a31393a227472616e6d696e6840636c69656e742e636f6d223b757365725f69647c733a323a223532223b6f6c645f6c6173745f6c6f67696e7c733a31303a2231353138303430333531223b), ('40928af2eacbfd92d0017c6cb5235e8c4337c4e7', '::1', '1517764980', 0x5f5f63695f6c6173745f726567656e65726174657c693a313531373736343938303b6964656e746974797c733a31353a2261646d696e4061646d696e2e636f6d223b656d61696c7c733a31353a2261646d696e4061646d696e2e636f6d223b757365725f69647c733a313a2231223b6f6c645f6c6173745f6c6f67696e7c733a31303a2231353137373630373738223b), ('4098ea8850c3122483346f6e6c5fee164902cf92', '::1', '1517681558', 0x5f5f63695f6c6173745f726567656e65726174657c693a313531373638313535383b6964656e746974797c733a31353a2261646d696e4061646d696e2e636f6d223b656d61696c7c733a31353a2261646d696e4061646d696e2e636f6d223b757365725f69647c733a313a2231223b6f6c645f6c6173745f6c6f67696e7c733a31303a2231353137363738313438223b), ('41c7da3c9808e2365d4f8ab9d839f51028b35f12', '::1', '1517756526', 0x5f5f63695f6c6173745f726567656e65726174657c693a313531373735363532363b6964656e746974797c733a31353a2261646d696e4061646d696e2e636f6d223b656d61696c7c733a31353a2261646d696e4061646d696e2e636f6d223b757365725f69647c733a313a2231223b6f6c645f6c6173745f6c6f67696e7c733a31303a2231353137373535303736223b), ('45659ffe2abb712d94e6ff89a6fdc0e0708c8a90', '::1', '1518033576', 0x5f5f63695f6c6173745f726567656e65726174657c693a313531383033333537363b6c616e67416262726576696174696f6e7c733a323a227669223b6964656e746974797c733a383a227472616e6d696e68223b757365726e616d657c733a383a227472616e6d696e68223b656d61696c7c733a31393a227472616e6d696e6840636c69656e742e636f6d223b757365725f69647c733a323a223532223b6f6c645f6c6173745f6c6f67696e7c733a31303a2231353137373732323133223b), ('49987c8317b2e80ad505443024665edfebc20e0a', '::1', '1517757136', 0x5f5f63695f6c6173745f726567656e65726174657c693a313531373735373133363b6964656e746974797c733a31353a2261646d696e4061646d696e2e636f6d223b656d61696c7c733a31353a2261646d696e4061646d696e2e636f6d223b757365725f69647c733a313a2231223b6f6c645f6c6173745f6c6f67696e7c733a31303a2231353137373536383436223b6c616e67416262726576696174696f6e7c733a323a227669223b6d6573736167657c733a303a22223b5f5f63695f766172737c613a313a7b733a373a226d657373616765223b733a333a226f6c64223b7d), ('499eb6acdae30d05be665474de4b8f314fdeece9', '::1', '1517680734', 0x5f5f63695f6c6173745f726567656e65726174657c693a313531373638303733343b6c616e67416262726576696174696f6e7c733a323a227669223b6964656e746974797c733a31353a2261646d696e4061646d696e2e636f6d223b656d61696c7c733a31353a2261646d696e4061646d696e2e636f6d223b757365725f69647c733a313a2231223b6f6c645f6c6173745f6c6f67696e7c733a31303a2231353137363737363838223b), ('49d4c63e597baa6b8e178b722076dcfd0b8b95a8', '::1', '1517774316', 0x5f5f63695f6c6173745f726567656e65726174657c693a313531373737343331363b6964656e746974797c733a383a227472616e6d696e68223b757365726e616d657c733a383a227472616e6d696e68223b656d61696c7c733a31393a227472616e6d696e6840636c69656e742e636f6d223b757365725f69647c733a323a223532223b6f6c645f6c6173745f6c6f67696e7c4e3b), ('4d3a36e70b60c92f79c50ea1933ccafc7c66ad06', '::1', '1518041925', 0x5f5f63695f6c6173745f726567656e65726174657c693a313531383034313932353b6964656e746974797c733a383a227472616e6d696e68223b757365726e616d657c733a383a227472616e6d696e68223b656d61696c7c733a31393a227472616e6d696e6840636c69656e742e636f6d223b757365725f69647c733a323a223532223b6f6c645f6c6173745f6c6f67696e7c733a31303a2231353138303430323431223b), ('4d98324dbde111c29ce29511a9d6cd6b6f6ff4d3', '::1', '1518042501', 0x5f5f63695f6c6173745f726567656e65726174657c693a313531383034323530313b6964656e746974797c733a383a227472616e6d696e68223b757365726e616d657c733a383a227472616e6d696e68223b656d61696c7c733a31393a227472616e6d696e6840636c69656e742e636f6d223b757365725f69647c733a323a223532223b6f6c645f6c6173745f6c6f67696e7c733a31303a2231353138303430323431223b), ('5093baebf0eb00facc2a376efbe9d0bbb6bbcb17', '::1', '1518033877', 0x5f5f63695f6c6173745f726567656e65726174657c693a313531383033333837373b6c616e67416262726576696174696f6e7c733a323a227669223b6964656e746974797c733a383a227472616e6d696e68223b757365726e616d657c733a383a227472616e6d696e68223b656d61696c7c733a31393a227472616e6d696e6840636c69656e742e636f6d223b757365725f69647c733a323a223532223b6f6c645f6c6173745f6c6f67696e7c733a31303a2231353137373732323133223b), ('55417149bfd5c322e49b7725545cfc04e4b47bad', '::1', '1518078010', 0x5f5f63695f6c6173745f726567656e65726174657c693a313531383037383031303b6964656e746974797c733a383a227472616e6d696e68223b757365726e616d657c733a383a227472616e6d696e68223b656d61696c7c733a31393a227472616e6d696e6840636c69656e742e636f6d223b757365725f69647c733a323a223532223b6f6c645f6c6173745f6c6f67696e7c733a31303a2231353138303638393131223b), ('55aa3de2b6442142af4342428c5a5f98afd0bbe8', '::1', '1518036939', 0x5f5f63695f6c6173745f726567656e65726174657c693a313531383033363933393b6c616e67416262726576696174696f6e7c733a323a227669223b6964656e746974797c733a383a227472616e6d696e68223b757365726e616d657c733a383a227472616e6d696e68223b656d61696c7c733a31393a227472616e6d696e6840636c69656e742e636f6d223b757365725f69647c733a323a223532223b6f6c645f6c6173745f6c6f67696e7c733a31303a2231353137373732323133223b), ('58d5f12da84a87651a4815d622a7b23cf3ff3588', '::1', '1517803891', 0x5f5f63695f6c6173745f726567656e65726174657c693a313531373830333839313b6c616e67416262726576696174696f6e7c733a323a227669223b), ('58d8f3bb866d51f6b1bcd48622f9c38d2d393575', '::1', '1517686673', 0x5f5f63695f6c6173745f726567656e65726174657c693a313531373638363636353b6c616e67416262726576696174696f6e7c733a323a227669223b), ('58ec09697a8793a6941f4666eef60e2803bed9fb', '::1', '1518042964', 0x5f5f63695f6c6173745f726567656e65726174657c693a313531383034323936343b6964656e746974797c733a383a227472616e6d696e68223b757365726e616d657c733a383a227472616e6d696e68223b656d61696c7c733a31393a227472616e6d696e6840636c69656e742e636f6d223b757365725f69647c733a323a223532223b6f6c645f6c6173745f6c6f67696e7c733a31303a2231353138303430323431223b), ('5ce5b4ec855f0ad772c0d19ead7a5d29c8720c4e', '::1', '1518072636', 0x5f5f63695f6c6173745f726567656e65726174657c693a313531383037323633363b6964656e746974797c733a383a227472616e6d696e68223b757365726e616d657c733a383a227472616e6d696e68223b656d61696c7c733a31393a227472616e6d696e6840636c69656e742e636f6d223b757365725f69647c733a323a223532223b6f6c645f6c6173745f6c6f67696e7c733a31303a2231353138303638393131223b), ('5d7248c2178832e8cd302676480fa8a1a4e08395', '::1', '1518033079', 0x5f5f63695f6c6173745f726567656e65726174657c693a313531383033333037393b6c616e67416262726576696174696f6e7c733a323a227669223b6964656e746974797c733a383a227472616e6d696e68223b757365726e616d657c733a383a227472616e6d696e68223b656d61696c7c733a31393a227472616e6d696e6840636c69656e742e636f6d223b757365725f69647c733a323a223532223b6f6c645f6c6173745f6c6f67696e7c733a31303a2231353137373732323133223b), ('5d849666fb7035bf7ca87cc8e434698231584568', '::1', '1517773945', 0x5f5f63695f6c6173745f726567656e65726174657c693a313531373737333934353b6964656e746974797c733a383a227472616e6d696e68223b757365726e616d657c733a383a227472616e6d696e68223b656d61696c7c733a31393a227472616e6d696e6840636c69656e742e636f6d223b757365725f69647c733a323a223532223b6f6c645f6c6173745f6c6f67696e7c4e3b), ('5f0e6515c4dea045379fa6d419b376b26edc5f55', '::1', '1517772907', 0x5f5f63695f6c6173745f726567656e65726174657c693a313531373737323930373b6964656e746974797c733a383a227472616e6d696e68223b757365726e616d657c733a383a227472616e6d696e68223b656d61696c7c733a31393a227472616e6d696e6840636c69656e742e636f6d223b757365725f69647c733a323a223532223b6f6c645f6c6173745f6c6f67696e7c4e3b), ('64bbd848e0cf1a589338827289745ca94b7facf7', '::1', '1517756063', 0x5f5f63695f6c6173745f726567656e65726174657c693a313531373735363036333b6964656e746974797c733a31353a2261646d696e4061646d696e2e636f6d223b656d61696c7c733a31353a2261646d696e4061646d696e2e636f6d223b757365725f69647c733a313a2231223b6f6c645f6c6173745f6c6f67696e7c733a31303a2231353137373535303736223b), ('66030ad5645ab0cf04d0b6446e05f25fa2b6767a', '::1', '1517756831', 0x5f5f63695f6c6173745f726567656e65726174657c693a313531373735363833313b6964656e746974797c733a31353a2261646d696e4061646d696e2e636f6d223b656d61696c7c733a31353a2261646d696e4061646d696e2e636f6d223b757365725f69647c733a313a2231223b6f6c645f6c6173745f6c6f67696e7c733a31303a2231353137373535303736223b), ('6770b5e607708bac126b85ca842f0550d19c73ad', '::1', '1518037876', 0x5f5f63695f6c6173745f726567656e65726174657c693a313531383033373837363b6c616e67416262726576696174696f6e7c733a323a227669223b6964656e746974797c733a383a227472616e6d696e68223b757365726e616d657c733a383a227472616e6d696e68223b656d61696c7c733a31393a227472616e6d696e6840636c69656e742e636f6d223b757365725f69647c733a323a223532223b6f6c645f6c6173745f6c6f67696e7c733a31303a2231353137373732323133223b), ('6c721ca41e67f762bb8716c5b6cd1e0a22ac6d95', '::1', '1517684167', 0x5f5f63695f6c6173745f726567656e65726174657c693a313531373638343135343b), ('6e8bc58a839b4099730bf8277da87e966157209c', '::1', '1517761146', 0x5f5f63695f6c6173745f726567656e65726174657c693a313531373736313134363b6964656e746974797c733a31353a2261646d696e4061646d696e2e636f6d223b656d61696c7c733a31353a2261646d696e4061646d696e2e636f6d223b757365725f69647c733a313a2231223b6f6c645f6c6173745f6c6f67696e7c733a31303a2231353137373630373230223b), ('6fc4eacf0ae9cc56b521851f34aff992ed58cb59', '::1', '1518032246', 0x5f5f63695f6c6173745f726567656e65726174657c693a313531383033323234363b6c616e67416262726576696174696f6e7c733a323a227669223b6964656e746974797c733a383a227472616e6d696e68223b757365726e616d657c733a383a227472616e6d696e68223b656d61696c7c733a31393a227472616e6d696e6840636c69656e742e636f6d223b757365725f69647c733a323a223532223b6f6c645f6c6173745f6c6f67696e7c733a31303a2231353137373732323133223b), ('74d1f15691bf21dd4a554c3c63ab4bce0240cc2e', '::1', '1518034852', 0x5f5f63695f6c6173745f726567656e65726174657c693a313531383033343835323b6c616e67416262726576696174696f6e7c733a323a227669223b6964656e746974797c733a383a227472616e6d696e68223b757365726e616d657c733a383a227472616e6d696e68223b656d61696c7c733a31393a227472616e6d696e6840636c69656e742e636f6d223b757365725f69647c733a323a223532223b6f6c645f6c6173745f6c6f67696e7c733a31303a2231353137373732323133223b6d6573736167657c733a32333a224974656d206164646564207375636365737366756c6c79223b5f5f63695f766172737c613a313a7b733a373a226d657373616765223b733a333a226f6c64223b7d), ('7720d4f9bb7ec54607a76ef8c582df389a31c2af', '::1', '1517684430', 0x5f5f63695f6c6173745f726567656e65726174657c693a313531373638343433303b), ('7c8f90b7c351f317de1985c1d62d017045d8de94', '::1', '1517760831', 0x5f5f63695f6c6173745f726567656e65726174657c693a313531373736303833313b6964656e746974797c733a31353a2261646d696e4061646d696e2e636f6d223b656d61696c7c733a31353a2261646d696e4061646d696e2e636f6d223b757365725f69647c733a313a2231223b6f6c645f6c6173745f6c6f67696e7c733a31303a2231353137373630373230223b), ('7db2659a3a4fcdb39307e6dd37eadb8656f8b5a8', '::1', '1518046518', 0x5f5f63695f6c6173745f726567656e65726174657c693a313531383034363336303b6964656e746974797c733a383a227472616e6d696e68223b757365726e616d657c733a383a227472616e6d696e68223b656d61696c7c733a31393a227472616e6d696e6840636c69656e742e636f6d223b757365725f69647c733a323a223532223b6f6c645f6c6173745f6c6f67696e7c733a31303a2231353138303430323431223b), ('7eda43069ef51fa866ecad67866282ba947d4628', '::1', '1518036246', 0x5f5f63695f6c6173745f726567656e65726174657c693a313531383033363234363b6c616e67416262726576696174696f6e7c733a323a227669223b6964656e746974797c733a383a227472616e6d696e68223b757365726e616d657c733a383a227472616e6d696e68223b656d61696c7c733a31393a227472616e6d696e6840636c69656e742e636f6d223b757365725f69647c733a323a223532223b6f6c645f6c6173745f6c6f67696e7c733a31303a2231353137373732323133223b), ('826c3cc34554b0e4a915c7686ff32685836332a2', '::1', '1518041610', 0x5f5f63695f6c6173745f726567656e65726174657c693a313531383034313631303b6964656e746974797c733a383a227472616e6d696e68223b757365726e616d657c733a383a227472616e6d696e68223b656d61696c7c733a31393a227472616e6d696e6840636c69656e742e636f6d223b757365725f69647c733a323a223532223b6f6c645f6c6173745f6c6f67696e7c733a31303a2231353138303430323431223b), ('8278d74e87ab364b504c2e3ba03e9cc4aaeaa7e5', '::1', '1518036589', 0x5f5f63695f6c6173745f726567656e65726174657c693a313531383033363538393b6c616e67416262726576696174696f6e7c733a323a227669223b6964656e746974797c733a383a227472616e6d696e68223b757365726e616d657c733a383a227472616e6d696e68223b656d61696c7c733a31393a227472616e6d696e6840636c69656e742e636f6d223b757365725f69647c733a323a223532223b6f6c645f6c6173745f6c6f67696e7c733a31303a2231353137373732323133223b), ('85a7736d8061298e1767549adce2043a727a7f73', '::1', '1517772417', 0x5f5f63695f6c6173745f726567656e65726174657c693a313531373737323431373b6964656e746974797c733a383a227472616e6d696e68223b757365726e616d657c733a383a227472616e6d696e68223b656d61696c7c733a31393a227472616e6d696e6840636c69656e742e636f6d223b757365725f69647c733a323a223532223b6f6c645f6c6173745f6c6f67696e7c4e3b), ('8bc9a2d05a340e9b674d60e682db0b870fe09573', '::1', '1518034336', 0x5f5f63695f6c6173745f726567656e65726174657c693a313531383033343333363b6c616e67416262726576696174696f6e7c733a323a227669223b6964656e746974797c733a383a227472616e6d696e68223b757365726e616d657c733a383a227472616e6d696e68223b656d61696c7c733a31393a227472616e6d696e6840636c69656e742e636f6d223b757365725f69647c733a323a223532223b6f6c645f6c6173745f6c6f67696e7c733a31303a2231353137373732323133223b), ('8d9b28da387b987cecad22288fd4e291d9d97d8c', '::1', '1517770923', 0x5f5f63695f6c6173745f726567656e65726174657c693a313531373737303932333b6964656e746974797c733a31393a227068616d68756e6740636c69656e742e636f6d223b656d61696c7c733a31393a227068616d68756e6740636c69656e742e636f6d223b757365725f69647c733a323a223530223b6f6c645f6c6173745f6c6f67696e7c733a31303a2231353137373635343734223b), ('8f81def1122c5fd5251c91a847021a8ee36b02e7', '::1', '1517681177', 0x5f5f63695f6c6173745f726567656e65726174657c693a313531373638313137373b6c616e67416262726576696174696f6e7c733a323a227669223b6964656e746974797c733a31353a2261646d696e4061646d696e2e636f6d223b656d61696c7c733a31353a2261646d696e4061646d696e2e636f6d223b757365725f69647c733a313a2231223b6f6c645f6c6173745f6c6f67696e7c733a31303a2231353137363737363838223b), ('9304b6a45480cd8cef2c354b0b587a307359fc3f', '::1', '1518077008', 0x5f5f63695f6c6173745f726567656e65726174657c693a313531383037373030383b6964656e746974797c733a383a227472616e6d696e68223b757365726e616d657c733a383a227472616e6d696e68223b656d61696c7c733a31393a227472616e6d696e6840636c69656e742e636f6d223b757365725f69647c733a323a223532223b6f6c645f6c6173745f6c6f67696e7c733a31303a2231353138303638393131223b), ('94f9b41713d24b1a1e56e1c1382c820cff195bb4', '::1', '1518075029', 0x5f5f63695f6c6173745f726567656e65726174657c693a313531383037353032393b6964656e746974797c733a383a227472616e6d696e68223b757365726e616d657c733a383a227472616e6d696e68223b656d61696c7c733a31393a227472616e6d696e6840636c69656e742e636f6d223b757365725f69647c733a323a223532223b6f6c645f6c6173745f6c6f67696e7c733a31303a2231353138303638393131223b), ('969f94027a68aedc5848276c45d6c628c8fbf233', '::1', '1517771723', 0x5f5f63695f6c6173745f726567656e65726174657c693a313531373737313732333b6964656e746974797c733a31393a227068616d68756e6740636c69656e742e636f6d223b656d61696c7c733a31393a227068616d68756e6740636c69656e742e636f6d223b757365725f69647c733a323a223530223b6f6c645f6c6173745f6c6f67696e7c733a31303a2231353137373635343734223b), ('97ee48cbe58f2e0f345ee71ae7e6e1eedef230c5', '::1', '1518026289', 0x5f5f63695f6c6173745f726567656e65726174657c693a313531383032363238393b6c616e67416262726576696174696f6e7c733a323a227669223b6964656e746974797c733a383a227472616e6d696e68223b757365726e616d657c733a383a227472616e6d696e68223b656d61696c7c733a31393a227472616e6d696e6840636c69656e742e636f6d223b757365725f69647c733a323a223532223b6f6c645f6c6173745f6c6f67696e7c733a31303a2231353137373732323133223b), ('98f4e81042e108f236e795406b120c34e8577fda', '::1', '1518038666', 0x5f5f63695f6c6173745f726567656e65726174657c693a313531383033383636363b6c616e67416262726576696174696f6e7c733a323a227669223b6964656e746974797c733a383a227472616e6d696e68223b757365726e616d657c733a383a227472616e6d696e68223b656d61696c7c733a31393a227472616e6d696e6840636c69656e742e636f6d223b757365725f69647c733a323a223532223b6f6c645f6c6173745f6c6f67696e7c733a31303a2231353137373732323133223b), ('9b26ea0fdd3b452bc625355473ffd4faf06cb557', '::1', '1517758620', 0x5f5f63695f6c6173745f726567656e65726174657c693a313531373735383632303b6964656e746974797c733a31363a22636c69656e744061646d696e2e636f6d223b656d61696c7c733a31363a22636c69656e744061646d696e2e636f6d223b757365725f69647c733a313a2236223b6f6c645f6c6173745f6c6f67696e7c4e3b), ('9caff4fa711c1a5fc8bd824534376b302f1916f5', '::1', '1518043655', 0x5f5f63695f6c6173745f726567656e65726174657c693a313531383034333635353b6964656e746974797c733a383a227472616e6d696e68223b757365726e616d657c733a383a227472616e6d696e68223b656d61696c7c733a31393a227472616e6d696e6840636c69656e742e636f6d223b757365725f69647c733a323a223532223b6f6c645f6c6173745f6c6f67696e7c733a31303a2231353138303430323431223b), ('9e40fdac3859bd44af5c8522c5266ea315cfd3f7', '::1', '1518078641', 0x5f5f63695f6c6173745f726567656e65726174657c693a313531383037383335313b6964656e746974797c733a383a227472616e6d696e68223b757365726e616d657c733a383a227472616e6d696e68223b656d61696c7c733a31393a227472616e6d696e6840636c69656e742e636f6d223b757365725f69647c733a323a223532223b6f6c645f6c6173745f6c6f67696e7c733a31303a2231353138303638393131223b), ('9fba11b466c91d8dc8cc7a59151dfa07a1556b90', '::1', '1518069212', 0x5f5f63695f6c6173745f726567656e65726174657c693a313531383036393231323b6964656e746974797c733a383a227472616e6d696e68223b757365726e616d657c733a383a227472616e6d696e68223b656d61696c7c733a31393a227472616e6d696e6840636c69656e742e636f6d223b757365725f69647c733a323a223532223b6f6c645f6c6173745f6c6f67696e7c733a31303a2231353138303430343035223b), ('9fe6d4e4465a479cfcc1a40cca527889399bb5e5', '::1', '1517683920', 0x5f5f63695f6c6173745f726567656e65726174657c693a313531373638333932303b), ('a60b8f71c374512ff85adab6ce6e0df3bc07e641', '::1', '1517688087', 0x5f5f63695f6c6173745f726567656e65726174657c693a313531373638383038373b6c616e67416262726576696174696f6e7c733a323a227669223b6964656e746974797c733a31353a2261646d696e4061646d696e2e636f6d223b656d61696c7c733a31353a2261646d696e4061646d696e2e636f6d223b757365725f69647c733a313a2231223b6f6c645f6c6173745f6c6f67696e7c733a31303a2231353137363837333937223b), ('a86612c3044d478a735ac739e1a77596454a5b8f', '::1', '1518076561', 0x5f5f63695f6c6173745f726567656e65726174657c693a313531383037363536313b6964656e746974797c733a383a227472616e6d696e68223b757365726e616d657c733a383a227472616e6d696e68223b656d61696c7c733a31393a227472616e6d696e6840636c69656e742e636f6d223b757365725f69647c733a323a223532223b6f6c645f6c6173745f6c6f67696e7c733a31303a2231353138303638393131223b), ('a9574bff3fb08ec51667e740106c258ef6199e36', '::1', '1518035254', 0x5f5f63695f6c6173745f726567656e65726174657c693a313531383033353235343b6c616e67416262726576696174696f6e7c733a323a227669223b6964656e746974797c733a383a227472616e6d696e68223b757365726e616d657c733a383a227472616e6d696e68223b656d61696c7c733a31393a227472616e6d696e6840636c69656e742e636f6d223b757365725f69647c733a323a223532223b6f6c645f6c6173745f6c6f67696e7c733a31303a2231353137373732323133223b), ('af9bf3d28561a55c23c68b59cf15ac7d81399761', '::1', '1517685867', 0x5f5f63695f6c6173745f726567656e65726174657c693a313531373638353836373b6c616e67416262726576696174696f6e7c733a323a227669223b), ('b2378706316b85c89bb138795a6eeec5d483eeda', '::1', '1518041299', 0x5f5f63695f6c6173745f726567656e65726174657c693a313531383034313239393b6964656e746974797c733a383a227472616e6d696e68223b757365726e616d657c733a383a227472616e6d696e68223b656d61696c7c733a31393a227472616e6d696e6840636c69656e742e636f6d223b757365725f69647c733a323a223532223b6f6c645f6c6173745f6c6f67696e7c733a31303a2231353138303430323431223b), ('b2d80815afb10bc8627a8c009618d672997be5a3', '::1', '1518040766', 0x5f5f63695f6c6173745f726567656e65726174657c693a313531383034303736363b6964656e746974797c733a383a227472616e6d696e68223b757365726e616d657c733a383a227472616e6d696e68223b656d61696c7c733a31393a227472616e6d696e6840636c69656e742e636f6d223b757365725f69647c733a323a223532223b6f6c645f6c6173745f6c6f67696e7c733a31303a2231353138303430323431223b), ('b3afda07ed52e6037f68b9967a305cfe4fafe19d', '::1', '1517685247', 0x5f5f63695f6c6173745f726567656e65726174657c693a313531373638353234373b6c616e67416262726576696174696f6e7c733a323a227669223b), ('b64589f9e051e060758f381af798203149145024', '::1', '1518044011', 0x5f5f63695f6c6173745f726567656e65726174657c693a313531383034343031313b6964656e746974797c733a383a227472616e6d696e68223b757365726e616d657c733a383a227472616e6d696e68223b656d61696c7c733a31393a227472616e6d696e6840636c69656e742e636f6d223b757365725f69647c733a323a223532223b6f6c645f6c6173745f6c6f67696e7c733a31303a2231353138303430323431223b), ('b844414e0aa645a6bddd847153000d6a93ae4485', '::1', '1518039436', 0x5f5f63695f6c6173745f726567656e65726174657c693a313531383033393433363b6c616e67416262726576696174696f6e7c733a323a227669223b6964656e746974797c733a383a227472616e6d696e68223b757365726e616d657c733a383a227472616e6d696e68223b656d61696c7c733a31393a227472616e6d696e6840636c69656e742e636f6d223b757365725f69647c733a323a223532223b6f6c645f6c6173745f6c6f67696e7c733a31303a2231353137373732323133223b), ('b861dd613207d735e2d987696ff3d88ff3df7906', '::1', '1518039768', 0x5f5f63695f6c6173745f726567656e65726174657c693a313531383033393736383b6c616e67416262726576696174696f6e7c733a323a227669223b6964656e746974797c733a383a227472616e6d696e68223b757365726e616d657c733a383a227472616e6d696e68223b656d61696c7c733a31393a227472616e6d696e6840636c69656e742e636f6d223b757365725f69647c733a323a223532223b6f6c645f6c6173745f6c6f67696e7c733a31303a2231353137373732323133223b), ('b8ab99e4a164ad128fcd48dfc542e79815849bd4', '::1', '1517688088', 0x5f5f63695f6c6173745f726567656e65726174657c693a313531373638383038373b6c616e67416262726576696174696f6e7c733a323a227669223b6964656e746974797c733a31353a2261646d696e4061646d696e2e636f6d223b656d61696c7c733a31353a2261646d696e4061646d696e2e636f6d223b757365725f69647c733a313a2231223b6f6c645f6c6173745f6c6f67696e7c733a31303a2231353137363837333937223b), ('b8ef6978e5f831d1226489b30535ec127853653a', '::1', '1517759824', 0x5f5f63695f6c6173745f726567656e65726174657c693a313531373735393832343b), ('b92cf538949611ee791dc164b9b4ca37b971fa9c', '::1', '1517761801', 0x5f5f63695f6c6173745f726567656e65726174657c693a313531373736313830313b6964656e746974797c733a31353a2261646d696e4061646d696e2e636f6d223b656d61696c7c733a31353a2261646d696e4061646d696e2e636f6d223b757365725f69647c733a313a2231223b6f6c645f6c6173745f6c6f67696e7c733a31303a2231353137373630373230223b), ('bb0224932b03a40b4416f0f513ffafb3966dd268', '::1', '1517760483', 0x5f5f63695f6c6173745f726567656e65726174657c693a313531373736303438333b6964656e746974797c733a31353a2261646d696e4061646d696e2e636f6d223b656d61696c7c733a31353a2261646d696e4061646d696e2e636f6d223b757365725f69647c733a313a2231223b6f6c645f6c6173745f6c6f67696e7c733a31303a2231353137373630333032223b), ('c27eee049b6cb6a9ce85bf703ac4434abe07ba3b', '::1', '1517755632', 0x5f5f63695f6c6173745f726567656e65726174657c693a313531373735353633323b6964656e746974797c733a31353a2261646d696e4061646d696e2e636f6d223b656d61696c7c733a31353a2261646d696e4061646d696e2e636f6d223b757365725f69647c733a313a2231223b6f6c645f6c6173745f6c6f67696e7c733a31303a2231353137373535303736223b), ('c5383cdeb94deb127adc40b7da5caaeef40432d8', '::1', '1517686237', 0x5f5f63695f6c6173745f726567656e65726174657c693a313531373638363233373b6c616e67416262726576696174696f6e7c733a323a227669223b), ('cce4d14c14286e130630a88a2f7ecb3ef2b383ca', '::1', '1517771252', 0x5f5f63695f6c6173745f726567656e65726174657c693a313531373737313235323b6964656e746974797c733a31393a227068616d68756e6740636c69656e742e636f6d223b656d61696c7c733a31393a227068616d68756e6740636c69656e742e636f6d223b757365725f69647c733a323a223530223b6f6c645f6c6173745f6c6f67696e7c733a31303a2231353137373635343734223b), ('d1c93c96a5947cbd0676a82577f0f69f42711b21', '::1', '1518074657', 0x5f5f63695f6c6173745f726567656e65726174657c693a313531383037343635373b6964656e746974797c733a383a227472616e6d696e68223b757365726e616d657c733a383a227472616e6d696e68223b656d61696c7c733a31393a227472616e6d696e6840636c69656e742e636f6d223b757365725f69647c733a323a223532223b6f6c645f6c6173745f6c6f67696e7c733a31303a2231353138303638393131223b), ('d2a2d0f79146d20b7d8878208a7029ea599cde32', '::1', '1518069889', 0x5f5f63695f6c6173745f726567656e65726174657c693a313531383036393838393b6964656e746974797c733a383a227472616e6d696e68223b757365726e616d657c733a383a227472616e6d696e68223b656d61696c7c733a31393a227472616e6d696e6840636c69656e742e636f6d223b757365725f69647c733a323a223532223b6f6c645f6c6173745f6c6f67696e7c733a31303a2231353138303430343035223b), ('d30c0775bc79af991380dd194e2ab5f3a757b6c5', '::1', '1517761454', 0x5f5f63695f6c6173745f726567656e65726174657c693a313531373736313435343b6964656e746974797c733a31353a2261646d696e4061646d696e2e636f6d223b656d61696c7c733a31353a2261646d696e4061646d696e2e636f6d223b757365725f69647c733a313a2231223b6f6c645f6c6173745f6c6f67696e7c733a31303a2231353137373630373230223b), ('d870e3c91a51442bf42e8c68e14d7dfa5029a701', '::1', '1517686665', 0x5f5f63695f6c6173745f726567656e65726174657c693a313531373638363636353b6c616e67416262726576696174696f6e7c733a323a227669223b), ('db7a2f8419ee6378951717f5793371e28dd88ca7', '::1', '1517687125', 0x5f5f63695f6c6173745f726567656e65726174657c693a313531373638373132353b), ('def938d571eafc2e5a208139f6595924578f166c', '::1', '1518071842', 0x5f5f63695f6c6173745f726567656e65726174657c693a313531383037313834323b6964656e746974797c733a383a227472616e6d696e68223b757365726e616d657c733a383a227472616e6d696e68223b656d61696c7c733a31393a227472616e6d696e6840636c69656e742e636f6d223b757365725f69647c733a323a223532223b6f6c645f6c6173745f6c6f67696e7c733a31303a2231353138303638393131223b), ('e0b01dd6ccb0d0ea10a182f07fa97dd253d9ad45', '::1', '1518035556', 0x5f5f63695f6c6173745f726567656e65726174657c693a313531383033353535363b6c616e67416262726576696174696f6e7c733a323a227669223b6964656e746974797c733a383a227472616e6d696e68223b757365726e616d657c733a383a227472616e6d696e68223b656d61696c7c733a31393a227472616e6d696e6840636c69656e742e636f6d223b757365725f69647c733a323a223532223b6f6c645f6c6173745f6c6f67696e7c733a31303a2231353137373732323133223b), ('e7f2371eab0969bc22e40c9e0472eca98400d8ed', '::1', '1517684113', 0x5f5f63695f6c6173745f726567656e65726174657c693a313531373638333932303b), ('eb6597e457a2399f9be610a9c22ab2a486f13484', '::1', '1517742276', 0x5f5f63695f6c6173745f726567656e65726174657c693a313531373734323033343b6c616e67416262726576696174696f6e7c733a323a227669223b), ('f0393789510631a689fdcc600befb9fbfacafe0e', '::1', '1518073885', 0x5f5f63695f6c6173745f726567656e65726174657c693a313531383037333838353b6964656e746974797c733a383a227472616e6d696e68223b757365726e616d657c733a383a227472616e6d696e68223b656d61696c7c733a31393a227472616e6d696e6840636c69656e742e636f6d223b757365725f69647c733a323a223532223b6f6c645f6c6173745f6c6f67696e7c733a31303a2231353138303638393131223b), ('f08e7dc5f739e8d7f969269a5b986f557726ea5b', '::1', '1518045974', 0x5f5f63695f6c6173745f726567656e65726174657c693a313531383034353937343b6964656e746974797c733a383a227472616e6d696e68223b757365726e616d657c733a383a227472616e6d696e68223b656d61696c7c733a31393a227472616e6d696e6840636c69656e742e636f6d223b757365725f69647c733a323a223532223b6f6c645f6c6173745f6c6f67696e7c733a31303a2231353138303430323431223b), ('f10c49dd9b46f0bcc376a68650b9b2b00f1e3329', '::1', '1518032621', 0x5f5f63695f6c6173745f726567656e65726174657c693a313531383033323632313b6c616e67416262726576696174696f6e7c733a323a227669223b6964656e746974797c733a383a227472616e6d696e68223b757365726e616d657c733a383a227472616e6d696e68223b656d61696c7c733a31393a227472616e6d696e6840636c69656e742e636f6d223b757365725f69647c733a323a223532223b6f6c645f6c6173745f6c6f67696e7c733a31303a2231353137373732323133223b), ('f353c7042668880a8b40ddd0f2769f2df50733ab', '::1', '1518025769', 0x5f5f63695f6c6173745f726567656e65726174657c693a313531383032353736393b6c616e67416262726576696174696f6e7c733a323a227669223b6964656e746974797c733a383a227472616e6d696e68223b757365726e616d657c733a383a227472616e6d696e68223b656d61696c7c733a31393a227472616e6d696e6840636c69656e742e636f6d223b757365725f69647c733a323a223532223b6f6c645f6c6173745f6c6f67696e7c733a31303a2231353137373732323133223b), ('f5707f2cdc7d90168f526ed8c8ce4ff53a443775', '::1', '1517684131', 0x5f5f63695f6c6173745f726567656e65726174657c693a313531373638343133313b), ('fb8bb072443f51e3a3a24422154b3ab9c0da2a00', '::1', '1517755294', 0x5f5f63695f6c6173745f726567656e65726174657c693a313531373735353239343b6964656e746974797c733a31353a2261646d696e4061646d696e2e636f6d223b656d61696c7c733a31353a2261646d696e4061646d696e2e636f6d223b757365725f69647c733a313a2231223b6f6c645f6c6173745f6c6f67696e7c733a31303a2231353137373535303736223b), ('fc086919801d55cc20e503051e192370697847fd', '::1', '1518075806', 0x5f5f63695f6c6173745f726567656e65726174657c693a313531383037353830363b6964656e746974797c733a383a227472616e6d696e68223b757365726e616d657c733a383a227472616e6d696e68223b656d61696c7c733a31393a227472616e6d696e6840636c69656e742e636f6d223b757365725f69647c733a323a223532223b6f6c645f6c6173745f6c6f67696e7c733a31303a2231353138303638393131223b), ('fe8bc2fa0814fb3912778c661a7441e8f7fe0d59', '::1', '1517684876', 0x5f5f63695f6c6173745f726567656e65726174657c693a313531373638343837363b), ('ffa1b38b27ccd8e78713e49520d94af2fd1d9385', '::1', '1518077322', 0x5f5f63695f6c6173745f726567656e65726174657c693a313531383037373332323b6964656e746974797c733a383a227472616e6d696e68223b757365726e616d657c733a383a227472616e6d696e68223b656d61696c7c733a31393a227472616e6d696e6840636c69656e742e636f6d223b757365725f69647c733a323a223532223b6f6c645f6c6173745f6c6f67696e7c733a31303a2231353138303638393131223b);
COMMIT;

-- ----------------------------
--  Table structure for `company`
-- ----------------------------
DROP TABLE IF EXISTS `company`;
CREATE TABLE `company` (
  `id` int(11) NOT NULL AUTO_INCREMENT,
  `client_id` int(11) NOT NULL,
  `equity_2015` varchar(50) DEFAULT NULL,
  `equity_2016` varchar(50) DEFAULT NULL,
  `equity_2017` varchar(50) DEFAULT NULL,
  `owner_equity` varchar(50) DEFAULT NULL,
  `total_income` varchar(50) DEFAULT NULL,
  `software_income` varchar(50) DEFAULT NULL,
  `it_income` varchar(50) DEFAULT NULL,
  `export_income` varchar(50) DEFAULT NULL,
  `total_labor` varchar(50) DEFAULT NULL,
  `total_ltv` varchar(50) DEFAULT NULL,
  `description` text,
  `main_service` varchar(100) DEFAULT NULL,
  `main_market` varchar(100) DEFAULT NULL,
  `is_submit` tinyint(1) DEFAULT '0',
  `created_at` datetime DEFAULT NULL,
  `created_by` varchar(100) DEFAULT NULL,
  `modified_at` datetime DEFAULT NULL,
  `modified_by` varchar(100) DEFAULT NULL,
  PRIMARY KEY (`id`)
) ENGINE=InnoDB AUTO_INCREMENT=2 DEFAULT CHARSET=utf8;

-- ----------------------------
--  Records of `company`
-- ----------------------------
BEGIN;
INSERT INTO `company` VALUES ('1', '52', '123', '123', '132', '123', '123', '123', '123', '123', '123', '123', 'Đầu phiên giao dịch ngày 8/2 (giờ Việt Nam), trên thị trường thế giới, chỉ số US Dollar Index (DXY), đo lường biến động đồng bạc xanh với 6 đồng tiền chủ chốt (EUR, JPY, GBP, CAD, SEK, CHF) đứng ở mức 89,90 điểm.\n\nUSD đứng ở mức: 1 euro đổi 1,2336 USD; 109,29 yen đổi 1 USD  và 1,3913 USD đổi 1 bảng Anh. \n\nĐêm qua, đồng USD trên thị trường quốc tế tăng phiên thứ 3 liên tiếp do giới đầu tư vẫn e dè với chứng khoán Mỹ và đang dõi theo khả năng chính phủ Mỹ đóng cửa vào thứ 6 tới. Dòng tiền vẫn tìm tới kênh đầu tư an toàn là đồng USD.', 'Ngành giáo dục', 'Xuất khẩu mục tiêu - Châu Âu', '1', '2018-02-08 12:50:30', 'tranminh', '2018-02-08 12:50:30', 'tranminh');
COMMIT;

-- ----------------------------
--  Table structure for `groups`
-- ----------------------------
DROP TABLE IF EXISTS `groups`;
CREATE TABLE `groups` (
  `id` mediumint(8) unsigned NOT NULL AUTO_INCREMENT,
  `name` varchar(20) NOT NULL,
  `description` varchar(100) NOT NULL,
  PRIMARY KEY (`id`)
) ENGINE=InnoDB AUTO_INCREMENT=4 DEFAULT CHARSET=utf8;

-- ----------------------------
--  Records of `groups`
-- ----------------------------
BEGIN;
INSERT INTO `groups` VALUES ('1', 'admin', 'Administrator'), ('2', 'members', 'General User'), ('3', 'clients', 'Guest User');
COMMIT;

-- ----------------------------
--  Table structure for `information`
-- ----------------------------
DROP TABLE IF EXISTS `information`;
CREATE TABLE `information` (
  `id` int(11) NOT NULL AUTO_INCREMENT,
  `client_id` int(11) NOT NULL,
  `website` varchar(100) DEFAULT NULL,
  `legal_representative` varchar(100) DEFAULT NULL,
  `lp_position` varchar(100) DEFAULT NULL,
  `lp_email` varchar(100) DEFAULT NULL,
  `lp_phone` varchar(20) DEFAULT NULL,
  `connector` varchar(100) DEFAULT NULL,
  `c_position` varchar(100) DEFAULT NULL,
  `c_email` varchar(100) DEFAULT NULL,
  `c_phone` varchar(20) DEFAULT NULL,
  `link` varchar(200) DEFAULT NULL,
  `is_submit` tinyint(1) DEFAULT '0' COMMENT '0: haven''t save; 1: saved',
  `created_at` datetime DEFAULT NULL,
  `created_by` varchar(100) DEFAULT NULL,
  `modified_at` datetime DEFAULT NULL,
  `modified_by` varchar(100) DEFAULT NULL,
  PRIMARY KEY (`id`)
) ENGINE=InnoDB AUTO_INCREMENT=7 DEFAULT CHARSET=utf8;

-- ----------------------------
--  Records of `information`
-- ----------------------------
BEGIN;
INSERT INTO `information` VALUES ('6', '52', 'abccompany.com.vn', 'Nguyễn Văn A', 'Giám đốc', 'a@abccompany.com.vn', '01234567890', 'Nguyễn Văn B', 'Nhân viên', 'b@abccompany.com.vn', '09876543210', 'www.google.com', '1', '2018-02-08 04:40:10', 'tranminh', '2018-02-08 04:40:10', 'tranminh');
COMMIT;

-- ----------------------------
--  Table structure for `login_attempts`
-- ----------------------------
DROP TABLE IF EXISTS `login_attempts`;
CREATE TABLE `login_attempts` (
  `id` int(11) unsigned NOT NULL AUTO_INCREMENT,
  `ip_address` varchar(15) NOT NULL,
  `login` varchar(100) NOT NULL,
  `time` int(11) unsigned DEFAULT NULL,
  PRIMARY KEY (`id`)
) ENGINE=InnoDB DEFAULT CHARSET=utf8;

-- ----------------------------
--  Table structure for `product`
-- ----------------------------
DROP TABLE IF EXISTS `product`;
CREATE TABLE `product` (
  `id` int(11) NOT NULL AUTO_INCREMENT,
  `client_id` int(11) DEFAULT NULL,
  `name` varchar(100) DEFAULT NULL,
  `service` text,
  `functional` text,
  `process` text,
  `security` text,
  `positive` text,
  `compare` text,
  `income` varchar(50) DEFAULT NULL,
  `area` text,
  `open_date` varchar(255) DEFAULT NULL,
  `price` varchar(50) DEFAULT NULL,
  `customer` text,
  `after_sale` text,
  `team` text,
  `award` text,
  `certificate` varchar(100) DEFAULT NULL,
  `is_submit` tinyint(1) DEFAULT '0',
  `created_at` datetime DEFAULT NULL,
  `created_by` varchar(100) DEFAULT NULL,
  `modified_at` datetime DEFAULT NULL,
  `modified_by` varchar(100) DEFAULT NULL,
  PRIMARY KEY (`id`)
) ENGINE=InnoDB AUTO_INCREMENT=3 DEFAULT CHARSET=utf8;

-- ----------------------------
--  Records of `product`
-- ----------------------------
BEGIN;
INSERT INTO `product` VALUES ('1', '52', 'asd', 'Chính phủ điện tử', 'asd', 'asd', 'asd', 'asd', 'asd', '123', 'asd', 'asd', '123', 'asd', 'asd', 'asd', 'asd', null, '1', '2018-02-08 14:24:59', 'tranminh', '2018-02-08 14:24:59', 'tranminh'), ('2', '52', 'qwe', 'Ngành y tế', 'zxc', 'qwe', 'qwe', 'qwe', 'qwe', '123', 'qwe', 'qwe', '123', 'qwe', 'qwe', 'qwe', 'qwe', 'logo-mato.png', '1', '2018-02-08 15:06:10', 'tranminh', '2018-02-08 15:06:10', 'tranminh');
COMMIT;

-- ----------------------------
--  Table structure for `users`
-- ----------------------------
DROP TABLE IF EXISTS `users`;
CREATE TABLE `users` (
  `id` int(11) unsigned NOT NULL AUTO_INCREMENT,
  `ip_address` varchar(45) NOT NULL,
  `username` varchar(100) DEFAULT NULL,
  `password` varchar(255) NOT NULL,
  `salt` varchar(255) DEFAULT NULL,
  `email` varchar(100) NOT NULL,
  `activation_code` varchar(40) DEFAULT NULL,
  `forgotten_password_code` varchar(40) DEFAULT NULL,
  `forgotten_password_time` int(11) unsigned DEFAULT NULL,
  `remember_code` varchar(40) DEFAULT NULL,
  `created_on` int(11) unsigned NOT NULL,
  `last_login` int(11) unsigned DEFAULT NULL,
  `active` tinyint(1) unsigned DEFAULT NULL,
  `first_name` varchar(50) DEFAULT NULL,
  `last_name` varchar(50) DEFAULT NULL,
  `position` varchar(100) DEFAULT NULL,
  `company` varchar(100) DEFAULT NULL,
  `phone` varchar(20) DEFAULT NULL,
  `address` varchar(200) DEFAULT NULL,
  PRIMARY KEY (`id`)
) ENGINE=InnoDB AUTO_INCREMENT=53 DEFAULT CHARSET=utf8;

-- ----------------------------
--  Records of `users`
-- ----------------------------
BEGIN;
INSERT INTO `users` VALUES ('1', '127.0.0.1', 'administrator', '$2a$07$SeBknntpZror9uyftVopmu61qg0ms8Qv1yV6FG.kQOSM.9QhmTo36', '', 'admin@admin.com', '', null, null, null, '1268889823', '1517761903', '1', 'Admin', 'istrator', null, 'ADMIN', '0', null), ('2', '127.0.0.1', 'nak_admin', '$2y$08$Dwaj3aGpcBANtZujnHylVelm6xlId28UJAEvWO/WYq0QX/3p72BT6', null, 'nak_admin@hoamyphamnamanhkhuong.com', null, null, null, null, '0', '1510902781', '1', 'NAK', 'Admin', null, 'NAK', '0', null), ('3', '::1', 'vinhan16sep', '$2y$08$pfarUD9XzFuWS2U5KKtbWeNjx8nlUu66unn43srccgmFLLhO2dNyi', null, 'vinhan16sep@gmail.com', null, null, null, null, '1517560619', '1517564024', '1', 'An', 'Nguyen', null, 'Mato', '123', null), ('6', '::1', 'vinhan16sep31', '$2y$08$VPIQLqWx9DZUZTfb3iHdY./BuXDfGTUh3PfAxT3JxhAYRbN3mtQCu', null, 'client@admin.com', null, null, null, 'tBTASyyzVlnEH4wMtrUIR.', '1517568085', '1517760113', '1', 'Client', 'AAA', null, 'Mato1', '12345677771', null), ('49', '::1', 'trandung', '$2y$08$nzPf5E4bER6tDqcqgoDK4ucSfQAnR.CHwLg5xauoFZpd0vQsJdvUq', null, 'trandung@client.com', null, null, null, null, '1517765038', null, '1', 'Dung', 'Tran', null, 'ABC', '222', null), ('50', '::1', 'phamhung', '$2y$08$rRu/VJeYX4XxmeVuWKarSeyGLV6S3oCwxe./cAcvB9GXabGor7ene', null, 'phamhung@client.com', null, null, null, null, '1517765430', '1517771886', '1', 'Hung', 'Pham', null, 'AAA', '222', null), ('51', '::1', 'tranha', '$2y$08$qhBOHScVebM8H8JqYG3WmeT7qF4kcH7f24KbFJYis4ZbgaphQyMbe', null, 'tranha@client.com', null, null, null, null, '1517772108', '1518069968', '1', 'Ha', 'Tran', 'Giam doc', 'BBB', '222', null), ('52', '::1', 'tranminh', '$2y$08$wDkZMLj1tAfBwqSLach2b.fV7g2U2YRGzhS11D.m3CXS1ZQyFxAuG', null, 'tranminh@client.com', null, null, null, null, '1517772213', '1518070005', '1', 'Minh', 'Tran', 'Giam doc', 'Công ty trách nhiệm hữu hạn một thành viên CCCCCCCCC', '222', null);
COMMIT;

-- ----------------------------
--  Table structure for `users_groups`
-- ----------------------------
DROP TABLE IF EXISTS `users_groups`;
CREATE TABLE `users_groups` (
  `id` int(11) unsigned NOT NULL AUTO_INCREMENT,
  `user_id` int(11) unsigned NOT NULL,
  `group_id` mediumint(8) unsigned NOT NULL,
  PRIMARY KEY (`id`),
  UNIQUE KEY `uc_users_groups` (`user_id`,`group_id`),
  KEY `fk_users_groups_users1_idx` (`user_id`),
  KEY `fk_users_groups_groups1_idx` (`group_id`),
  CONSTRAINT `fk_users_groups_groups1` FOREIGN KEY (`group_id`) REFERENCES `groups` (`id`) ON DELETE CASCADE ON UPDATE NO ACTION,
  CONSTRAINT `fk_users_groups_users1` FOREIGN KEY (`user_id`) REFERENCES `users` (`id`) ON DELETE CASCADE ON UPDATE NO ACTION
) ENGINE=InnoDB AUTO_INCREMENT=33 DEFAULT CHARSET=utf8;

-- ----------------------------
--  Records of `users_groups`
-- ----------------------------
BEGIN;
INSERT INTO `users_groups` VALUES ('17', '1', '1'), ('18', '1', '2'), ('3', '2', '1'), ('4', '3', '2'), ('21', '6', '3'), ('29', '49', '3'), ('30', '50', '3'), ('31', '51', '3'), ('32', '52', '3');
COMMIT;

SET FOREIGN_KEY_CHECKS = 1;
